,design,n,mpnn,plddt,ptm,pae,rmsd,seq
0,0,0,1.766369402231963,0.8384557962417603,0.4098080098628998,13.95261326432228,28.499868392944336,SHKEETKREKEQEKEGKPEKERRKEEEKSEKEEQKKKSPEEKEKHKESKEKTEESRKTGKKENKEKRKEKEEEEQKEEKENKEEKERHEEEKKRTEEERK
1,0,1,2.085555556654991,0.811109721660614,0.5464162826538086,10.023681312799454,19.437253952026367,SHKEKKEEHKKRKEEGSPEEEQNKSRKEDCEEEQKKESPEKQKKCKECKEKTEKSRETKSKEEKKESKKCTEECQKENKENKEKQERCKTRKETCEEQEE
2,0,2,1.969936966848075,0.7238359451293945,0.42616936564445496,14.468648433685303,17.6618595123291,KHEERKKEGEQGQKEGKPEEEQGEKRKKHTEEEKEKESPENKKKHEECKKKTEERRKTKSKENRKEEKKCTEERKKKHKEDKKRKEEHEKRKEQCEKEEE
3,0,3,1.8006504335688955,0.7459182143211365,0.37502026557922363,15.77143543958664,22.005023956298828,KDEEKKKKHKENEKEGKPEKEKEKERKEETEEDKKKESPENKKKDEETKEKTEKTEEEGSEENKKEEKKKTEERKKENKENKEKKEKDEEHKKTTEKEEK
4,0,4,1.898099069405527,0.7753638029098511,0.31924018263816833,17.315469443798065,26.330841064453125,SHKERKEEQKKRREEGSPEKEQNEHQKEHQEEQQKKSDPETQKKHQKSKEETKKTTETGSEENKKKRKETTEEEQKEQKDNKEEQENHKNQKENTEESSK
5,0,5,1.9915157407020803,0.7558705806732178,0.31548619270324707,17.548346161842346,21.184972763061523,KDEEEKEKQRKRQEEGSPEEEQTEEQSKHTEERQKEEDEETKEECEKSSEETKRTKEEGSEENRKKRSETTKKEQKKNEENKEKKERCEEQKKQNEEQTK
6,0,6,2.119242100801736,0.6983243823051453,0.4428882300853729,13.288662493228912,17.82413673400879,KHEEKTKEQEEKKKKGSPTEERQETQSKHCKEEQEKESPEEKKECKEHSENTEKSRKTGSTENRQKSSETCKKRQEKCKENKKRKKHCQTCSKDNQEQQE
7,0,7,2.0778039806493536,0.6543369293212891,0.4699428975582123,11.612138777971268,8.82898235321045,SDEEEKKRRKKSKEEGSPTEEKEKECQDDCEEDHKKESPEKKEKTKECQECTERCRKTGSEEDRKKCQEKTKERHKDSEKDKSKKEKTEECQKTTEEQSE
