,design,n,mpnn,plddt,ptm,pae,rmsd,seq
0,0,0,1.7984067772765622,0.6871340870857239,0.3031127452850342,19.190118432044983,20.75044059753418,NPSKKRETTKEETEGDEKECEKKKEEKKEECKKTPGCRTHTSTTDESEDEEEQKKKHEKEREESRKEHEEEGKPPGPTHKETKNTKPGSKQRTRTTTERD
1,0,1,1.8545535958938943,0.7518568634986877,0.3668447732925415,16.81526666879654,24.759037017822266,SGCKEERRTREESEGPEEEQRRREEERERECRETPGCRTHTHRSDKSEDKEEQEKRHEETCEKEERERREKGEPPGPTTTRTERRRPGSTQRTRTETRTC
2,0,2,1.828615225817686,0.6592614650726318,0.2958807349205017,20.570551335811615,26.436405181884766,SPCKERKTEEKESEGPEEEQKKKREEEKEESKKTPGSRTHHSQSSKSEDEEEQEKKHEEECEKSEKERKEKGKPPGPDHRETENTKPGETQRTRTRRETC
3,0,3,1.8157968420954704,0.7006714344024658,0.35280323028564453,17.14529776573181,23.322031021118164,SPCERREEREEETRGPEEECREKRRERREECKRTPGCRRHSSTSCESEDEEEQEKRHEESRERERREREERGEPPGPREREEENTRPGETCRERTHEERC
4,0,4,1.8112596650100476,0.6976187229156494,0.33239197731018066,18.71869057416916,25.59194564819336,SPCESEEEEEEERRGPEEECREEEERRREECRKTPGSEDHTSRHSEEEDREEEEERHRRRCEEEEERRRREGEPPGPRHEEHREERPGRECRRRTRRRRC
5,0,5,1.917146307857845,0.6477735638618469,0.32693350315093994,18.732156932353973,22.98531723022461,NSSKEEKEEEERREGPREECEKERRERREECEKTPGCETHCSTHCESDDEEEREREHEESCEESERRRKEEGKPSGPETRETRRERPGERCRTRTRTRRD
6,0,6,1.8040810031874928,0.7104612588882446,0.4116438329219818,15.266300112009048,20.904293060302734,EPTEEEREEEEERRGPREECRRRREEEKRRCRETPGCRTHHHTHCESEDEEEERERHRRRREEDERRSRESGEPPGHRHTEHEDEEEGEECRHRTTRRTD
7,0,7,1.7674287987968176,0.7029699087142944,0.3207220435142517,18.795176088809967,24.658992767333984,SGTKERRREEEEEEGPEEECERKEKEREEECKKTPGCRTHHSRSSKSEDREEEERRHEERREREEREREEKGEPPGHRTTRERNTRPGETCRHRTTRETD
