,design,n,mpnn,plddt,ptm,pae,rmsd,seq
0,0,0,1.7407956723618168,0.8002219200134277,0.3110390603542328,17.253776967525482,28.95867156982422,KEREEEREKKEKEREEEREETKKKGSREEQHETEKEETEERCKEDGTEEEKERRREKREKNKEESTEKENKEREEKKKKGEDPTKERREKEKKKCEEERK
1,0,1,1.7799378207036114,0.7078883647918701,0.25286614894866943,19.69736111164093,23.402353286743164,SEEEKKKEEEEEKKEEEEKKKSKTGSKEEKHETRKERTRSRCEHEGKEKHKPEREEEEEKNKEKSTEEREKKRKEEEEKGKNPTKERREEEKKKNEEREK
2,0,2,1.7032710885788434,0.7542502880096436,0.34375685453414917,16.59755438566208,19.579320907592773,EEEEKKHEEEEKKEEEESKEKSKTGTTEETHETEKKETEKRHKHNGDEENTEEEKKEQEENKEENTKKTEKEREEKEKKGEDPTKKRDEEQKKRCEERKK
3,0,3,1.8393972674407961,0.7440729141235352,0.27984702587127686,19.118037939071655,21.59137725830078,EEKEKEHRERREKRREERRKTSKTGSTEEQKEKEKEETRETCEHNGDTENKDEEEKEREENSEEHTKKTNEEEEEKEKEGKDPTEEEEEERRKKCEEKKK
4,0,4,1.8160269923182257,0.8049898147583008,0.3881779909133911,16.400316953659058,35.27047348022461,SEKEEEHRKRREEREEREERTREEGSPEECHEEERERTRETCEHNGDEEHREEEEEEREEHREERTEERSRRREEEREKGEDPTKKREEERKERREKRKK
5,0,5,1.7593803690104635,0.8958527445793152,0.5167396068572998,10.03126722574234,32.45579147338867,REEEERHRRERREQEEEEERTRKTGSREETHERQRERTRRNCERQGREEHREEREEERRRHREETTEERQERRERSRKEGRDPEEEEEEEEERECEEREE
6,0,6,1.756866173643021,0.7686237692832947,0.3329853415489197,16.4555441737175,21.092771530151367,SEEEKRHRERRRKKEEEEEETSKTGTKEECHEKEKERTSETCKHNGDEENEEERKEEKDKNKEEHTEKTRKKREEKRKKGEDPTEEREEETKKKNEERKK
7,0,7,1.8348421084536104,0.7006468772888184,0.28621208667755127,17.613946616649628,19.636333465576172,KEKEEEHRKKQEEKEKKSEETSKTGTKEEEHETQKEQTKEECKENGDEEHKEKRTEETDKNKEENTKKTEEERKKKRKEGKDPTEERRKETEEKNKKEKK
