,design,n,mpnn,plddt,ptm,pae,rmsd,seq
0,0,0,2.059950197878121,0.7983617782592773,0.37931931018829346,15.976723492145538,24.453033447265625,EEEEKKKRKEENRKETKEQEEECKKEKTEEERTEKRSEKEHEKTKKEKSSEDRQQRSETCKEERSTEECKKTTEKCEKKHKEDGDKETSKQCEEERKKCE
1,0,1,1.9472662547518629,0.837216854095459,0.5061413049697876,10.333641290664673,19.49917984008789,SSSEEEKKEEEEREEERETEKRCEEKETEEDREEERSEEETEKEEKEKDPEDRRQREEEEEEERSKEETRKRTKKCKEKEKEKGNEETEKQCEEREEEEE
2,0,2,2.0816811508838846,0.6044251918792725,0.3489932417869568,15.092402458190918,15.344171524047852,SSSEKKKQREENRKECKKDKEECKKEKTEEERTDKRSEKTHEKHKKEKSKEKQKQRCETHKEECSKEECKKNCTKCKEKCEKDGDKERSEQNEKHKKEEE
3,0,3,2.157378581621082,0.7122498750686646,0.35828718543052673,17.809983015060425,21.362398147583008,SSSEEEKKRKEERERTKKQKEENSSKKTEEDKTKSTSESTTKRSREEKSQEDRETRCETRKEEESKEETKKTTKRCKEQHEEEGDEETSETCEKHTKEEE
4,0,4,1.9367608253211175,0.7798808813095093,0.438556045293808,12.836052983999252,29.354846954345703,SSEEEEEEEEEERKEERERREECSSEETEERREERESEREHEREREEEDPERRRRRQEETRRERDPETCRRRTERCEERCEEDGDEETREQCRERREEEE
5,0,5,2.0387624296742395,0.7257904410362244,0.39816954731941223,16.01730179786682,20.34971809387207,SEEKEKKKKEESRKKTKETKEKCSKKKTKEEKEEERSEEETKKRKEKKSKEERETECETCEEEEDKETCKKTKERCKKKEEKEGDKETSETCEKRKKKCE
6,0,6,1.9851107893389188,0.8886180520057678,0.40885522961616516,12.139113515615463,37.39155960083008,KEEEEEQKEKKEKEETKERKKECSKEKTKEEKTEKRSEEEHKKNKKEKSKEERERRNETEEKEEDKETTKENTKKCKEKCEKDGDEETSKQKKEREKEKE
7,0,7,2.0178533649661903,0.6233691573143005,0.36730191111564636,15.512507379055023,13.427215576171875,KKEEEEKKKEEEREETRKQKEECEEEETEEKREEKTSEKTHEKNKKEKSSENRKQHCDTREEEEDRETNKKTKKKCKEKCEKDGDEETSKQCKERHEEEE
