,design,n,mpnn,plddt,ptm,pae,rmsd,seq
0,0,0,1.8168696058214784,0.7416955232620239,0.31337592005729675,17.905518770217896,20.710466384887695,EKEEEKREEETRKRRKEKQEKCKTTEESEKTDKEEKEKEGEKTETKKDEKTGEKTTKTEKEEEGKKHKEETKTSEDKEETNKKQEETHEKERKKEKEERK
1,0,1,1.8939761139793656,0.6055186986923218,0.3892117440700531,16.11334753036499,14.773860931396484,SEERKKEREETKKKTKEESEKCKTTEECKKTHKENCKKQGDKTETEEDEETGKTTTTTTREHEGKTHTETTTTDSDKEETKKKQQETQEKTEKKEEESEK
2,0,2,2.0290452066270013,0.5932379961013794,0.3749317526817322,16.384860575199127,15.53158187866211,EEEEEERERESREECEEECEKCETTEECKECHKERCEEEGCECETEEDEETGKTKRKRREEHEGEETEHEEECEEDKEECKKKCKESHERGERERREKRE
3,0,3,1.936890896216061,0.6765538454055786,0.30780869722366333,17.820354402065277,17.745384216308594,EEEEKKKREETEEKRKKESEKCKTTEECEKTTKKEKEKEGDKQKTEKDKETGKTKTTTSREENGTTTTEESESSSDKEEHKKTSKENHEKTRKKTEEKRK
4,0,4,1.8998412625081895,0.6690171957015991,0.2856443524360657,20.086684465408325,19.801494598388672,EEEEEKRREEREEERKKESEKCETTEENRKTTKEKCKEEGDEEEEEEDEETGEHKHTRRRKENGEETKEEETSKKDKEEHKKKQEESHRKERERRREKRK
5,0,5,1.9069043222398012,0.6771703958511353,0.4084209203720093,15.65273267030716,18.562679290771484,EEKEKEKRDETEKKKKEESEKSKTTEENEKNHKEESKKEGCKTETKKDEKTGKTTTTTSREHKGKKHTQETTTESKKEETKKKQSETHEKEKEEREKSEK
6,0,6,1.9768075818826836,0.5701689720153809,0.2727103531360626,18.548295319080353,16.453174591064453,EKEEEEERKEREKRRKEKSEKCKTTEETRKTHKEECKEQGDECETKEDKETKKTTTTRKREKNGKKHEEKTETSEDPEEQKKGHEETEKKQREEEEKERK
7,0,7,1.9184061167705924,0.6392605304718018,0.274311363697052,18.706096351146698,18.986753463745117,SSEEEKKRDETKKKTEEESEKCKTTEENRKNTKKNNEKEGCKQKEEEDKKTKKNKTTTSREKNGKKQTEESTSSSDKEEQKKKHKENQEKTKKKEKEDEK
