,design,n,mpnn,plddt,ptm,pae,rmsd,seq
0,0,0,1.7151771631611832,0.8160114884376526,0.36629271507263184,15.53842568397522,29.422046661376953,EEKEKEKNKKSKEGEKEHKENTKKKKEEKEKKSEDNEKNEKEQHEKRKEETPEEKEEHDKEEEEEKKKREENNKKGEKEKSKEDSEEEEEEDEEEEKKKE
1,0,1,1.8546603592120647,0.8747823238372803,0.40966320037841797,13.2063547372818,21.511625289916992,KEKEKETHKKRKEQEKKHEEETEKQQKEKTKKSEESRENEKKQHEERKEKCPERKEEEDKEEKEHEKNQEEQEKQGKKEQSQENTKKQEKERRKEDEEKE
2,0,2,1.6734131923879672,0.7531147003173828,0.35269707441329956,16.526467978954315,19.445390701293945,EEKEKEENKKSKEEEEEHEKKTEEQEKKGTKKSEDTEKNEKKEEDEEKKKTPSKKEEHDKEEKEEEKTQKEKEKEGKHKESQEERKKEERKEKEEEEKKE
3,0,3,1.8712540395921802,0.8341931700706482,0.3951176404953003,13.767018467187881,20.13460922241211,KEKEKEKEKKSSENEQEHEKKTEERQKQKEKKTEDHKKNNKEQHEKQKKENPEDKEEEEKEEKEEEKETKENEKKGKKEESRKNHQKREKERKEEKEKKQ
4,0,4,1.7616231548514658,0.8508986234664917,0.4059767425060272,12.441010862588882,20.241853713989258,KEEEKEENKKEKEGEEEHEKNTKEQEKKKTKETEETKKSEKESHEKEKKENPSEKEEEEKEEKEEEKKREENEKEGKKEESQKSRKESEKEDKEEEEKKE
5,0,5,1.7790112868407557,0.8130567073822021,0.38335564732551575,13.953284919261932,20.738561630249023,KEEEKKENEKEKESEEEHKKKTEKEKKEKTKKSEDHKKEEEESHEEQKKKNPKSKEEHEKEEKEEKEKNEENEKKGKKEESKEETKKSEEKHEKEKEKKT
6,0,6,1.728467523282773,0.8174875378608704,0.3600243628025055,14.296867370605469,20.01354217529297,EEKKKEREKKRKESEKKHKEETEKQEKEGTKETEEHKKNEEKSHEEEKKKNPEDKEEEDKEEEKEKKETEEKEKKGEKKESQKNTKESEEKDREECEKKT
7,0,7,1.6106820358960465,0.8091506361961365,0.4122128188610077,12.460403859615326,20.438804626464844,KEKEKERHEKDSEEEEEHEEDEKEKEKEGEKKSEEEEKEEEEEHKERKEECPEDKEEEEEEEKEEKEEEKKDEKEGKHEESKKNHEEEEEEDEEEEKEKQ
