,design,n,mpnn,plddt,ptm,pae,rmsd,seq
0,0,0,1.8977010565588586,0.5960404872894287,0.28718146681785583,18.216274201869965,17.73138999938965,SEEEKCKEETEKETEKTCKEEGKEEEGKEEREKRRKEGKTNSGTECRCRRRNKSDKEKKKKTDECCDKERKKNKTERKHKPETEEEEKKEDEKREKERKK
1,0,1,1.9414960108246035,0.7153967618942261,0.451963871717453,10.860282510519028,16.18110466003418,SEEEECEKEHCEETKETCKEEGKEEECEEECKKTTEEGKCNSGTCCRCRRKHKSDKEKKERTDKCCDKCRSKKKEEEKKKEETEEEEEEEEEKEKKKRSE
2,0,2,1.9919369096552184,0.718010425567627,0.35212576389312744,17.839362144470215,25.39860725402832,SEDEESTKKHCEDTKEHHKKEGKEERSKKNEEDTRNKGKTNSGDSCRCRKENKEDEEKKKESEENDKKSREKKERERRHSKKTEKEEKECDEEREKKEKK
3,0,3,1.9386287368385506,0.6044450998306274,0.2830236852169037,18.852600276470184,19.075414657592773,SEEEEHKKRHCERHERHCKKKGKEEEGEKTKRETTEEGTTHSGTSCECERETRDDPEEREEDEEDHRHHEETQKTKRERSPETREEEEECEEERERRRRE
4,0,4,1.9801551793025645,0.7578213810920715,0.3935602307319641,13.164408177137375,22.479082107543945,SHSKEHEERHEEETRKHHEKKGKKKESEKTCKKRREEGKTNSGTCCECREEKKEDKEEEKKTKEDEEHCEETKETEHKEKKKTEEKEKKEREEREKERKE
5,0,5,2.1340129172158075,0.5492563843727112,0.3409947156906128,15.904659628868103,10.5803861618042,SEEEKTTQKTCQECKEHCEEEGRHEESEETCRKCTEEGKTNSGTCCRCRRKCKEDPEKHKECKECHTRCCETKECEHRESPETEEEERKCREEEEKERSE
6,0,6,1.8866495403995949,0.758901834487915,0.35253584384918213,16.539997160434723,23.071075439453125,EEEEEHRKRHEERTRERNEKEGKHEESEEERRKHREEGKQNRGTSSRCRRETKENEEEEKETKEDEEEHRKKNKTEEKKTEETKEEEEKESEEEKKEREE
7,0,7,2.012452894993047,0.5829042792320251,0.3648945093154907,15.389190793037415,13.864877700805664,SEEEKCKKTHCEETEECCEKEGKHERCKETKKKCTEKGETNSGTECRCRRECKSDPEKKKKTEECTKTKRKKQKCKEKKTPERKEEEEKEEKEEKEKEKK
