,design,n,mpnn,plddt,ptm,pae,rmsd,seq
0,0,0,1.8841282695882893,0.8352033495903015,0.43293076753616333,13.475777983665466,35.23735427856445,SEEEEREKEEEREEEREECEEQEEEGDEEGCTTQEDRREEEGEEEEREECRERRRERSGRTEEEQEERREEQRRDEERREERDRRTEERRERRRREREEE
1,0,1,2.004952764385119,0.8119609355926514,0.45493143796920776,11.247205644845963,19.265676498413086,GREEEEEERRERERREERCERQCEEGREEECDTECQRQREEGRTEQEERHRRRCQERSGKSEEEKERRREEQREDEERRRETRERTEEREEEEEEEREEE
2,0,2,1.9344191577586285,0.7583481073379517,0.41818833351135254,12.29904592037201,15.081621170043945,EEEKEEEEEEERERNKKTHEECCEEGKEEECTTQHNEEEEKGNEEESEECKEKRKEKCGKSEEEEEKEKEEEKKDKEKKEKRKKETEERREEREKEEEEE
3,0,3,1.9399368360933857,0.7910356521606445,0.42269787192344666,11.903020799160004,20.894929885864258,SEEEKEKEEEERKRTKRTCEKECEEGDEERCTTQTNKEREEGKKETEEENEKKRKEKCGKTEEENEKEKEEEEKDEEKKKKREEETEKRREEEKKEEKEK
4,0,4,1.8605684887992433,0.7830806970596313,0.3821846544742584,16.890325725078583,35.80366516113281,SEEERRREEEEREERRETTREQQEEGDEEGCTTQHTEEEEEGREEESEERREEGRRRSGTSEEEEEERKERQREDEEERERRREETERRREERRRRRRER
5,0,5,1.8219082982506363,0.8465226292610168,0.3714817762374878,15.302469700574875,32.094032287597656,SEEEEEEEEEEREENRETCEEQQKEGNKEEHTTQTEKEEEEGNEEQEKENKKRGKEKSGESEEEQEKRKEERRKDKEKREKTSEKTEKRKEERRKEREEE
6,0,6,2.064554584266916,0.7256141901016235,0.46333831548690796,11.475454688072205,11.718964576721191,ERERREREEEEEEERERCCEECCEEGNEEECCTECEEEEEEGKEEECEKCKEKCKKQKGKSEEETEKKKEECKKDKEKRKKRSEKRRKRREERREERERE
7,0,7,1.8634189565106454,0.7147817611694336,0.38426247239112854,18.560850739479065,23.769012451171875,SHHEEEEEKREEEEEEETDDEEEEEGNDEGREESEDQKKEEGKTEEEEKHRKKGKEKSGKTEEEREERRKERQKDKEKREKEKKKREERRKERRKEREEE
