,design,n,mpnn,plddt,ptm,pae,rmsd,seq
0,0,0,1.7854506870808906,0.8269931674003601,0.4251914620399475,14.77985194325447,34.17953872680664,EEKKRKEEEEKRRRKEREERNEKGEEEHKKEESEKEETEKRRKQREKEKKEGKEEESTEETTEEQEEEKKKPSKEERKKSSKEETEKKEKEREEREKKEK
1,0,1,1.8563676256320198,0.8595590591430664,0.4272785186767578,12.076596021652222,25.375211715698242,SEEEKKKKEEEEKKKKEEKEHEEKTEKCSKDPKCKEECEKEKERSEEEKKEGKEEESRKESNEHHEECEKEKSSEERHKKRKKRTEEKEEEREKKKEEEK
2,0,2,1.786864962920674,0.9486186504364014,0.5261878371238708,8.101162821054459,30.716876983642578,EEEERRREEEERRRREREEEHERRERRHREDPGCRESCERDRRRRERERERGREEETEEETTREHRECEEQPSREERQRRRDERCDEREERERREEEEER
3,0,3,1.740007538844988,0.8167044520378113,0.3132857084274292,17.400031447410583,34.89967346191406,SEEEKEKEEEEKEREEKREERERRRERHRKKPEQKPEEERREEEEEERKEEGEEEETTEETNETDKRCEEKPSEEERKEEREKETEKREEERKKRKEEEE
4,0,4,1.8118130049532821,0.8421668410301208,0.36650580167770386,14.98220670223236,35.99348449707031,EEEERRRREEEEEEEREEEEREEREEEERKEPECKPTTERRREQREKRKEKGEERETRRRENERREECQKKPDRKERKEEGEKETEEEEKKEEEEERKEE
5,0,5,1.6784474055280705,0.8419013619422913,0.34969714283943176,14.609353214502335,32.918190002441406,EEERKKEEERRREREEEEREHRERRERHRKDPEERPNEEREEEEEEEEEEEGRGEERRRESTEERKECEKDPSREERHERRERRCEERERERREERERRE
6,0,6,1.6059255965683286,0.8495450019836426,0.34493809938430786,15.807324171066284,28.249311447143555,GEREEEEERRRREKEERERRHEERTERHRRNPRRRPHEERRREEREEEREEGREEEERERDNEEEEEDESEPDEEERERRQREEEERREREREERRRREE
7,0,7,1.7449302265538271,0.8527049422264099,0.43900829553604126,13.874629229307175,35.43006134033203,SSSKEKEKKKKEEKEKKKKEHEKKTEEEEKEESNKENTEKEKENREEEKKRGNEEKETEEETKKQKENEKKPNKEEREKSSKEETEKKEKEREKEKKEEE
