,design,n,mpnn,plddt,ptm,pae,rmsd,seq
0,0,0,1.7970809549531341,0.7986975312232971,0.4219326972961426,12.075645357370377,21.279739379882812,EKEKTEEHNKKERKKREEETEKEKEKGEKEEEKEKRKKENREKCEETEKKNRETGDTEETKEETKKNHEEEKKEKKEKGHEETEKRDEEEHEKREKEREK
1,0,1,1.8122307806139937,0.8278171420097351,0.3925001621246338,14.37795376777649,41.05303955078125,EKERTEKREKENEEETKKEEEKTKEKGEPEEKCEKRKKESEKKSEERKKERRETGNTEETKKKEREKEEEEEKEREEEGHKEESERRRKKHEEREKKEEE
2,0,2,1.813360147071343,0.8770791888237,0.4470548927783966,11.77039435505867,39.59647750854492,ERERTREEGREERERTRERTERTRERGEPEERCERRREESERRREEREREEEETGDTERTRRRTEEHEEEERREEEEEGHHEESEEHREEHERRRREREE
3,0,3,1.9703024149950972,0.812491238117218,0.3848775029182434,14.17291608452797,28.62457847595215,DTEKTKKECEECEKETEEECKKNEEKGEKKEDCEKQKEENKKKTEENKKENEETKDTKKTKKKQEEHQKEREKEQEEKGHEETSKRRKKKHKEKKEKSEK
4,0,4,1.9236427751495042,0.8456282019615173,0.4915786385536194,9.413890689611435,27.23495864868164,KTEETKEHCERTREEREETEERTRERGEPEETRERRKEETRRETEKRKERCEETGDEEETREEEREEQERTEEERREEGHEEESERTRERREEEEEEREK
5,0,5,1.9356233550162651,0.5896087884902954,0.324554979801178,16.49258404970169,13.321234703063965,STEKTNKSTEENEKETKETQEKTKEKGEDEETCEKQKEETNKKCEEHKKENKETKDEEKTKKKEEEHTKEECETQKKRGHDEESEKTKEKHEKKKKEEEE
6,0,6,1.8906092626946023,0.7702099084854126,0.342693567276001,14.716684967279434,21.10848617553711,EKEKTKETNEEQEKETEKTCEKTKEKGEKEETTEKDKKENKKESEKQKKENEETGDTEKTKEETDKHQEKTKKKKEERGHEEESKEQEKKHEEKKKEREE
7,0,7,1.8588871593404594,0.71000075340271,0.3139461278915405,16.48849129676819,19.56140899658203,STEKQEKHNEEQEKETKEEEDKEEEKGEDKETCEKRKKETEKKSKEQKEKNKKTGDEKKTEEETEKHQKEETEEREKRGHTETSKKHKEKHEEKKKKREE
