,design,n,mpnn,plddt,ptm,pae,rmsd,seq
0,0,0,1.6702979619620864,0.49762284755706787,0.3189471960067749,17.299552977085114,13.556026458740234,ETKTTEESEKTTTKKHEKKTTEEDKEKDQEEETKKNQEETNKKNGCKNGKTTKSKESENTTKTETECPNTNTKTTQTTTTTEKEDNTTTTNTKTTTTKTD
1,0,1,1.632970398352166,0.5111287832260132,0.3240031599998474,18.70986944437027,14.305906295776367,TTKTETTSSKSKTSKSEEPTTEEKREKTEKENTDTTQSENNTKNGNTNNTTTTSKESPTTRKTDSTNSNTNTKTTTTTTTTESEDGTRTTNTTTTTTTET
2,0,2,1.7834780956511391,0.6460249423980713,0.2744675278663635,20.471918761730194,41.29157257080078,EKKEEEKEKRERERKSEEPTTEEDREREEREEREENEEEENKKNGNKNNEREEEKESENERRTKSKNKNTNTETERRTRTEEREDGTRRTRSETKTTKKE
3,0,3,1.6477643067977137,0.4951328635215759,0.36348530650138855,14.900614023208618,7.117525100708008,TTTTTTTSSSTTTSKSDKPTTPEDREKREKEETEKNTKKQDETNGNTNRTTTTSKTSENTRTTTTTNSNTNNTTTQTTTTTEEENGTTTTNTNTTTTKTT
4,0,4,1.6499376693208136,0.6012369394302368,0.30433928966522217,19.93248099088669,25.417503356933594,TKTTTEKSSSERTEKNEEPTTEETREKREEENNKETQEETNKKHGNTNNTTTSEKEDENTRKHTSKNENTNTTTTTTTTTTEEPDGTTTTKTDTTTTKTE
5,0,5,1.5287285568526519,0.5054367780685425,0.40139180421829224,17.211552321910858,15.13560676574707,TTTTTSTSSSTTTTKNDEPTTPEKRTKTRTEENTKTRKTTETKTGSTNTTTTTSTTSPTTTKTTTKDENTNRTTTTNTTTTESPDNTTTTNTTTTTTTTE
6,0,6,1.7229329068725943,0.667239248752594,0.5152432918548584,13.011481493711472,4.588927745819092,TTTTTEESSRSRTERHEEPTTPERREERRERNNEEEQEETNKKNGCKNNTTTTERTDPTTTRTTSKCENTNTETTTETTTTEEPDGTTRTDSRTTTTKKE
7,0,7,1.6424056576040091,0.5307278633117676,0.3171006441116333,19.636036336421967,23.741357803344727,TKTTTEESESTKTRQSSTPTTPEKRTKENQETTDEEQKKKNEENGNKNNTTTTSQTSPTTTKTTTENENTGTKTTTTTTTSESSDNTTTTNSKTTTTKTE
