,design,n,mpnn,plddt,ptm,pae,rmsd,seq
0,0,0,1.707899067305602,0.7937161326408386,0.3006311058998108,17.339702606201172,30.238418579101562,SEREEREEREREERERRREERRERGEDEGESERETTTRECCEREEESEERGTKTEEEREEERETRERSTERRDGTSREETRRRREEERRRREEERRREEE
1,0,1,1.7898993619976669,0.783187210559845,0.31696563959121704,17.248660564422607,32.35121154785156,SERERKRRETEERRERERKEREERGETKGKSREETHTEESTERQEEEERRGRRTEEEREETRETDEESRERETGTSREETRERTERRRRERREEEERRRR
2,0,2,1.756751683104197,0.7450209856033325,0.2961980700492859,18.04512321949005,25.797687530517578,EEREKEEKKRREETRKKEEERRKKGETKGKTREETRTEESTEKEQEEEEKGTKTEEERRRRRETETRSEEKETGTSREETEKKREERRKKREEEKRKEKE
3,0,3,1.8560358430824333,0.8185322284698486,0.5370714664459229,11.660677164793015,10.674243927001953,SEREEEKKKTEKKNEEKRKERKKKGENKGKSDEETTTDECCEEEEEDEEKGTKTEEEREKRKETRTESCSKQTGTSKEETKKKCEEKREERKKKKEEEKK
4,0,4,1.7375390832623776,0.6808722019195557,0.28165939450263977,19.41715443134308,21.92245864868164,KEKEEKKKKTKEEKEKEREKREKSGENKGKSKEETHTETSTEEEEKEEEKGRKTEEEKKEEKETRKESNSETDGTSEEETEKKREEEKEKREKEKEEKRK
5,0,5,1.739614894141639,0.7458903789520264,0.28274330496788025,18.318088591098785,31.581443786621094,SEREREEEEERRRRKEERERRKKSGETEGKTEEETTTEECTERRERREEEGEETEEERRRRDETEERSTERTTGTPREETRRRREERERERRERRRREEE
6,0,6,1.76964950595981,0.7393320798873901,0.2981545925140381,19.02369213104248,22.777921676635742,SEREKEKEETEKKHKEKREERKKSGENKGKTEKETETEESTEDEEKEEEEGTPTEEERERRKETHTESESRTTGTSEEETKKKREEKKKKRREEKEKERK
7,0,7,1.6761948911659605,0.8203849792480469,0.32565969228744507,15.56831294298172,32.487361907958984,SEREREEEEREREREEKEEERKKRGETEGESEEETRTRESTERRRESEREGTETEEERERERETEERSHERRTGTSREETRRRREEEERREREEEERRRR
