,design,n,mpnn,plddt,ptm,pae,rmsd,seq
0,0,0,2.200193611088913,0.5101984739303589,0.31540900468826294,16.958494544029236,10.853556632995605,HCKHGTCCGNEEEKEQCKKNCEENKKKNPDCEHRENTSETKEENKKKTEETCKECQKEGKETHHTSCGEKQETPCHTTNTTPENSEESRKEEHKKCEETK
1,0,1,2.024035780897989,0.5554524660110474,0.2739637494087219,18.795584440231323,15.048971176147461,QTTQNGSCGDEETKEQTKKNSEEQKKENPDTEHETTTEETPEERKKKTEEKQEENKKKGKKTNCNSHGQKHETECETNNCTPENSEECRKKNNKKQKEEK
2,0,2,2.06860048884329,0.4842609763145447,0.29333895444869995,19.227132439613342,16.029754638671875,HTCKTTSCGDEETKEQSRKTTEERKKENPDTECKEHQSETPEECKEKTEKDEKEDKEKGKKTHTTTHGQETKTEDTTTNCTPENSEECKKKTTETTKKEK
3,0,3,2.154566198818996,0.6342929601669312,0.33174413442611694,17.709399223327637,20.834890365600586,TKCSTTSSGNEETKKESKKTTEECKKECPKTECETCESETKEETEKKTKKKEEENEKKGKKTKTTTCSQNRKTKSTTHNCTPENSEECKKKTKEECKKEE
4,0,4,2.184518506383001,0.5242694616317749,0.3537176847457886,16.456253707408905,10.64123249053955,HHCTHGCCGNEEEKEKCKETCEETKKKHPETEHTRCESETEEETEKKCEEKEKENKEKGKKTHHTSCGRERKTESTTHNTTPEKSEETKKKTHEECKKEK
5,0,5,2.145714572453504,0.5206801891326904,0.2688834071159363,19.443887591362,19.698314666748047,QTCCCTSCGNEEEHEQSRETCEECKKECPETECKHCESETEEENKKKTEEEREKEKKKGKKCHHHSHGTEQKTPDKTHHSTPETREESKKETKEECEKEQ
6,0,6,2.1389535201437138,0.5618272423744202,0.22088928520679474,21.45230770111084,27.654815673828125,HKTTTSSSGDEETKEQSKETEKKPKEEHPETEHTRTTSETKEETEEKTKKEEEENKKEGKKTHHCSCNTEQKTENTTTNTTPETREEGEEKTKKEHEKEK
7,0,7,2.1638566433709654,0.5840190649032593,0.38714468479156494,16.20808321237564,11.935640335083008,TCHHCSCCGDEEQKKQSRETTEECKKEHPETECKRHESETEEECKKKCEKEREKHHKEGKKTHHRSNGHKQETEDETHNSTPETSEESKEKTKESCEKEK
