,design,n,mpnn,plddt,ptm,pae,rmsd,seq
0,0,0,1.854174981453372,0.8805315494537354,0.4022664725780487,12.985189020633698,37.47917938232422,EEEKKQEEETEKENEERRKCKTDEERRKHTRERREETEEKDGEENTRKQEKETEEKERKEDEEREEPTRETCRERRREKSEEEEEKEEEEREKRREEEEK
1,0,1,1.9680789067863294,0.8763613700866699,0.4782320261001587,10.773186326026917,30.918508529663086,SKEEEREKKTKETCEKRKKCKTDEDCKKETEKRNEERDKEEGEENTEKCNHETEEKERKEDKKKSEKTRETNEKHREKKSKEKKEEHKKKTEESEKKEEE
2,0,2,1.9432247873687631,0.8370897769927979,0.40259256958961487,12.699813276529312,29.44339942932129,SSEEERKKETEKHCEECKKCKTDEECKKHCEEKQEETREKKGEEEERKHSKECHKKTRKEDKKKSKTHKKTTEEREKKRSKEREKETKKEREEEEKKEEE
3,0,3,1.914571006553643,0.8661283254623413,0.41613951325416565,13.034810185432434,37.50994873046875,EEEKEQEKETEEHNKERKKCKTTEEEKKKTKENQEKTEKEKGEENTKKQNEKEHEKTRKEDEEKSKTCKETNEEHEKKKSKESEKENKEKTEKKDKEEEE
4,0,4,2.1259581978728317,0.7747544050216675,0.6298782229423523,6.796636626124382,2.4252967834472656,SSSEEKEKECEKCCEECKKCKTEEEGKKHCTKCCEECEKTHGKETTKECCHKCHKKCRKEDKKKSECCRETCEEHCKKESEEDCKEHKEKCEKEDKEEES
5,0,5,1.9928615560624918,0.7327950596809387,0.4000478982925415,13.855784088373184,18.56223487854004,KEEEEEEKETEETCEESKKCKTEEERRKHTEERQKETEKKKGEENTEKCCKSHHKKERKEDKERSKTHSETCTEHKKKKSKEREKKHKKEREEEDKKEEE
6,0,6,1.9245572669369657,0.8129215836524963,0.4140614867210388,15.331280648708344,24.40580940246582,SEEEERRRETEEHCEECKKCKTDEDRRKTTREKRERTRKERGRETTREQSREEHKRTRKEDEKTSKTCEETDREEEKEEDEEREKEHEKETEEEDKKEKE
7,0,7,1.9752349503598277,0.7768399119377136,0.4374377131462097,14.158708781003952,24.303890228271484,KKEEEREKRCEETCKESKKCKTEEERRKHERERREEEDEEEGEENRRECEKRTEEEERKEDKESHKTCRETSKEHRREKSEEEEKEHEEECEEREKKEEE
