,design,n,mpnn,plddt,ptm,pae,rmsd,seq
0,0,0,1.904443645882897,0.7498602867126465,0.40485361218452454,15.1207015812397,22.041584014892578,TEEEQEETEKECEESGKEEDKERCEKGKKTRECRKKGDKEKENEEQKKETERQKEEDNSSEEEEKEQEESQKKCEETGSQEERDKHQKKQCKRERERRKK
1,0,1,1.901393111158013,0.7603859901428223,0.3640254735946655,17.91896665096283,32.91965866088867,TEKNTEENKKKNDETGKPESKEQSETTKKTQENRKKGDQKKSQENQEKQQKKQEEENNTSEEEKKEREEKQEKSKKTGDKKTQDEHQNEQNKKQKENNDK
2,0,2,2.014998807556593,0.8098504543304443,0.3980393409729004,15.577383518218994,39.517704010009766,TEEKQEETKEKHEKTKTPSSKKKSETCKRTQESRKEGKREEREKNQEKHHKQQCEEDNESEEEKKRSEKKREESKKTGSEEEQEEETKEQCERSDEKTEK
3,0,3,1.9843960554403506,0.8522781133651733,0.4314315915107727,13.824402004480362,26.328670501708984,TEEKQKETTEKCKKTKKPECKKQSETQEKTQKSRKEGDKEKRQENQEKQHEHQKKTNKTSEEESEKQEEKQKESKETGDEETQQEHQEEQCERTKKNCEK
4,0,4,1.9998115114357993,0.8720004558563232,0.47930213809013367,11.48681554198265,30.25429344177246,TKEEQEETRKKCEETGKEDDKERSEKTEETQKSREEGDREKSNEHQEERHKHQKEKDKESEEEEKEHEEKEEKCKETGDEEERDEHEKEQNKHTKERREK
5,0,5,1.9154174072615184,0.8535563945770264,0.4401969909667969,13.106353908777237,34.94025802612305,TKEKQKETRERCKKKGTPESKKEEEETEKEEKSREEGDKEKSEEEQEKRSKRQKEEDKTSEEEEKEQEEQQKKSKETGSQEEQEKTTKKQCEETEKKEKE
6,0,6,2.012950074918439,0.7350724339485168,0.2920725643634796,17.323830485343933,19.483407974243164,TEEKREKTRKKCEETGKESDKKRSETTKETQESRKKGDKEKSDENQKKHHERQKKEDNTSPEEQEKSEKRHEESKKTGDEKTRDEHTEEQCERTEEEREK
7,0,7,1.8289365799386237,0.8561546802520752,0.4305039048194885,12.580047130584717,39.44353103637695,TEEKQEETEEKRKKSGKEEDKKESEKNRETKKKEKEGDKEGRQEKQEERTEQQEKEKNTSKEEQEEQRKRQEESKETGDEEKQKEHTEKQCEQEDEHEEK
