,design,n,mpnn,plddt,ptm,pae,rmsd,seq
0,0,0,2.05995294609928,0.79625403881073,0.4884864091873169,9.69568458199501,23.22602653503418,SEETKKKQEENEKEEKKEKEETEKKEKPEEEQQKKRKEKCKERTKESEKQPEQQPKTRKENEETKKQCEEKCKENKEQTEETKKEEDEQTKRQEEKQKEQ
1,0,1,1.7635575239086891,0.7958529591560364,0.36710089445114136,16.37844705581665,24.750226974487305,EEEREKERKKTKEETKKQKEERKKKKKTKKEETEKEEKNNKKRTKESKKKPEEQKETKEENKENKKETKEKDKSNKKEREKKEKENEKREKEEEEEQKKQ
2,0,2,2.07382266441111,0.7713956236839294,0.3805640935897827,15.35193657875061,23.242002487182617,SEETEKKREETKKEQEEKKEERKKSKKPKEEETEEQSENNEKRTEESKKKPEECPENRKQCEEQKKETKEKCKENKEEREKHEEKGEKQKEENEKKEKEQ
3,0,3,2.114807913985964,0.8741254806518555,0.5831893086433411,6.047859624028206,23.760751724243164,SSETEERRKENEKKEEEQKKETDKKKKTSKETTEEQEKTCKERTEESKKKPEKCEETKKTCEENKKQTKEKEKENKEESEKREKSQDKQKEECEKKEKEQ
4,0,4,2.1594233468995743,0.7484879493713379,0.3583827018737793,16.34500288963318,26.31879997253418,EKEREEKREKTRKEREKTRKKEEESETPKPEETKERERRNRERTEESKERPEEQEETREETEETKEQCEKKCKSNEEERKRHCEECEEQEEEQKEEQEKQ
5,0,5,1.9272722599963292,0.7831361293792725,0.348666250705719,16.468799889087677,23.955018997192383,SEETEKEEEETKKEQKKNEEKKKKEKKTKEEETKETEENNRKRTEKSKERPEKCPETTKRNEEQTKENEKKCKENKEETEKRKKEHEERKEEQKKKQEEQ
6,0,6,1.9403749753084536,0.9131386280059814,0.5046262741088867,10.867804676294327,38.55246353149414,KEEREKRREETRKEQEEERKEEEEKEEPEEEEREERRRKSEKRTEESKKEPEECEETREENEKEKEECEERCEENEEERERTKEEREKQEEETKKKEEER
7,0,7,1.9468453274210535,0.8159000873565674,0.3949752449989319,14.381852507591248,23.625770568847656,EKEEEEKEEKEEKEREEERKKRKEKKKTSEEEQKRTSENEKKRTEESKKRPERRPEEEKRCEETEKECKERDKENKEEREKHEKEKEKQKEEQKKKQEEE
