,design,n,mpnn,plddt,ptm,pae,rmsd,seq
0,0,0,1.8529201465482306,0.7878336310386658,0.40626195073127747,14.131797313690186,20.211505889892578,SKEEREKKKKTKEEQKKETEETNKKHEEDPEKSKEESKQTHENQEKTKEEQGDKEESEKTKKKREENEKKPPEEQTESEKKTGEETEKETKKKEKEEKEK
1,0,1,1.76015942392033,0.7420635223388672,0.3164762258529663,17.379839301109314,18.55109977722168,KKEEREKETKETEKQREETKETQKEHEKDPKGSEEKSRENRKKNKEKEKERGDEEDSKETEEDEKETEKQPPEEKGKKTRENNERNKKRKEEKGKKRKEE
2,0,2,1.8464656091870157,0.8025888800621033,0.3173246681690216,17.53716731071472,22.967134475708008,EEEEREKRRKETEKQRKETEEGNKKHEEDPKKSEPEQKERQEKQSKEEDKRGDEESSKKTKERQEENEKEPPEKRTEKTKENGEEQSKETKEREEKEKKE
3,0,3,1.7925251422520068,0.7349878549575806,0.382416307926178,16.439071536064148,15.441756248474121,EEKRREEERKREEEREEKEEETEKRHEEDPEGSKPEREQTHEEDRKEEDEEGDEEESEETKKDEEENKKKPPEERTEHTRETTKRHRERERKRRKEKEEE
4,0,4,1.746065713439619,0.7623320817947388,0.3598504960536957,16.101106226444244,27.26064109802246,EEEERERRRERREKRRKKTEEEEKKHEEDPEKSKEERKETQKENREEEKEEGEEEEEKETEEDEKKNEEKPEEEQTEETKKTNEKRRKREEKREEEEKEK
5,0,5,1.8675957212219654,0.8266125321388245,0.4425222873687744,13.607778042554855,26.119340896606445,EEEKREEEREEEEEQERETEETREEHEEDPEGSEEKRREHHEKQREEEEKRGRKEESEETKRQQEERDKKPPEERTEEGRRHGEEQGERTRRRREERKEE
6,0,6,1.7533654631411042,0.8230226039886475,0.34088003635406494,16.68293309211731,26.250438690185547,EEKKRQEEREEQKKRRKETEENEKKHEKDPEKSQEENKENQKKQEEEEKKQGNEEQSKKTEEQRKENEKKPPEEQGKSQKENNKEQKKEEEKRRKEKEEE
7,0,7,1.9415883434857462,0.7328085899353027,0.29115819931030273,19.071450769901276,32.575843811035156,KEEERERRREETRRQRKETEEKNEEHEKDPEGSEPKRKENGEKQEKREKEQGREENSEKTEEERKENEKKPKEEKTEEQKRNGEENSEREKKEEEEEKKE
