,design,n,mpnn,plddt,ptm,pae,rmsd,seq
0,0,0,1.9460880675455932,0.667380154132843,0.3436927795410156,19.525384187698364,22.613691329956055,SERTKENKKTNEETKKKTDEGKDSTESTEKHNDKESESRKENGEEPTERKDEETGETNTRSSEEETKEENKKKNESKKKDKETQKKTNEENTEETEKKEK
1,0,1,2.125427416052468,0.5460201501846313,0.30998390913009644,15.900395035743713,11.059288024902344,EEEKEKNEKKTKETEEKTEKGEDSTESCNEPEEECSESRKKNGSPPKEHKDEETGETHTCSSEEEDKKKNKESCESKKPDKETQKKTCKTRTEETKKEQE
2,0,2,2.0503373354113164,0.6650898456573486,0.4463041424751282,12.667227387428284,5.161124229431152,SSRTEETKSKTKKTEEKTEKGEDSTKETKEHNEKCSETRKEKGKEPKEHKDEETGETHTQSSDEETQKKNEETNEKKKPDKETQKKRTKTCTDETEKDTK
3,0,3,2.1095333861685273,0.6275138258934021,0.30979135632514954,19.007073521614075,18.636611938476562,SSRSKETKEKTEKTKKKTEEGKDSDESTEERNEKHSETRKENGSPKKEHKDEETGETRTTSSEEETKEENKKRCKEQKPDKETQKKTCETETETTEEEEK
4,0,4,2.0366605953325663,0.6422555446624756,0.34783002734184265,15.687884151935577,17.29070281982422,NETKEKNKKETEEHKEKTEKGEDSTESRKKHNDKCSETQKEKGKKPKEHKDEETGKTRTQSSEEETKQKNEEECESQKKDKETEKKNCEKSTESTEEDEK
5,0,5,2.1689192880011294,0.5579068660736084,0.3345282971858978,16.30712229013443,11.26297664642334,EERKKETRKKTEETEKKTDEGKDPTESEKERCDEHSENRKENGSEPKEHKDEETGETRTCSSDEETKEKNEESHKSQEPDKETKKKRCQTCTEETEKEQE
6,0,6,2.122667455460951,0.5093389749526978,0.25357991456985474,17.881457448005676,12.20394229888916,SETTKETREKRKETEEKTDKGEDPTKSTEEHENKCSETQKENGEPPKEEKCEKCGETHTRSSEEETKKKNKEKCKSKEPDKETQKEECRTRTEHTEKSQK
7,0,7,2.1101564078903046,0.602172315120697,0.3413287103176117,16.508112490177155,17.431081771850586,KEKSEKTKKKTEETKKKEDEGEDSSESTKEHCDEHSETRKEKGEPPTEHKNEETGKTHTTSSDEETKEKNKKECEKQKKDKETKKKTNESCTETTEKKRK
