,design,n,mpnn,plddt,ptm,pae,rmsd,seq
0,0,0,2.16896524668402,0.5931967496871948,0.29795020818710327,19.646014153957367,19.98912811279297,PTRPRQTTERRSSPKSRCRGSTSDGTPEQREETEREEEEKKPEDTETRRRETPDGSETRTGCTEEGKECCEECRKEQHERHKDDEETRKTCDETEEETKK
1,0,1,2.130828022594754,0.6429346799850464,0.32245686650276184,17.72365826368332,20.74374008178711,KKTPKQTTEKRSSPESKCKHTTSDGTPEQKKECDEEKEKSKPECDETRTRTTKNGRRTRTQRTKKGKPGNPECREERHKKTKDDEETRKTSEETEKETRE
2,0,2,2.091238141521304,0.6177833676338196,0.3438224196434021,18.124559581279755,20.155893325805664,PRRPPDECERRSSPESRCRRRTSDGSPEGREETERREREERPTCDETRRRETPSGRETHHGRTEKGRSECPRCTEECHERHSDDEETRRECERCREETER
3,0,3,2.1365271511027517,0.6294310092926025,0.29433372616767883,18.560699224472046,21.274202346801758,STRPREETERRSSPKSRCRGTTRDGTPEGRKEEEEEKEREKPTCDKTRTRESEDGTCTGHCRTKEGEPECPKCTEERKKRHSSDENTRKTQEETEKETRE
4,0,4,2.0744379035544203,0.5061873197555542,0.2592747211456299,19.59600865840912,20.65689468383789,TTTPEQTTERRSSPESRCRRRTCDGTPECREKCERSCEEEKPTCDRTRRRETPSGKCTETCTTEKGQEGCPECTKEHEEKTKDDEEERKTCREQEEETRK
5,0,5,2.139600767204782,0.5830849409103394,0.34805741906166077,18.89509469270706,18.94355010986328,STTPPQTCERESSPESRCEHRTSDGTPEHREETERSRREREPECDRTRRRRTPSGRETEHHCTSSGRECTPQCCEECRKRTSEDEETRETCEECEEETQR
6,0,6,2.115014307883477,0.6495000123977661,0.28597795963287354,19.172673881053925,18.377883911132812,STRPRDTEERRSSPSSRCRRSTSDGTPERRRETEEEERRSRPTCDRTERRRTPDGTETRTQTTREGRPECPRCEERCERRHSEDEDTRRTCRECREETER
7,0,7,2.1248404625913566,0.529801607131958,0.2807406187057495,19.22875291109085,14.18851375579834,STRPEHEEEERSSPESRCRHSTRDGTPEGRRRTREREERERPRCDKTRTRTTPSGRETRTCCTEEGREGRPRCRERCKERHRDDEEHRRTTDECEREEEE
