,design,n,mpnn,plddt,ptm,pae,rmsd,seq
0,0,0,2.13344579831783,0.7522291541099548,0.44847020506858826,12.699983268976212,17.893159866333008,KKEEREKENKEQCEKDKDKPPEERGKNTHEKCQKHQKEREGGTRKTTCKNTNENGTTETTESTTSSEEDEEETKEECKKCEEESKKQGDKTTCETETEES
1,0,1,1.986402065108262,0.7163152694702148,0.29578304290771484,17.743044793605804,28.675247192382812,RDEEERREEEEQQEEDKGKPDEERTERRNERNRERQEEREGGTRRRTTTQENSKGTRRTTTGRTRSEEDEREHREHEEQTQRQDKEQGRETRHRTETEEE
2,0,2,2.152048222356407,0.7365759015083313,0.45868173241615295,13.989207834005356,19.92584991455078,SSEEEEKENEETCEKCKSQPDEERRETHHKKHEETQKKREGGSTKCKTTCETSDGTKRTTEGKTSSEEDKKEKEEQCKRTQQQCQEQGHQCTCTTETEES
3,0,3,2.119809548270318,0.7568163275718689,0.5374310612678528,7.418990060687065,1.0224363803863525,EEEEERKKGEEQCEKDKDKPEEERTKEHSKHCEEQCKKREGGTTKCRCRHKNEKGEERETEGTCSSEEDKERHREHCKEHQEQCEKQGHKETCETETEES
4,0,4,2.095469550802373,0.6423022747039795,0.43357282876968384,14.436942994594574,11.904155731201172,SDEEETQRQNEKCEESKDKPDEERTKETSEETKKRGKEREGGTTKCKTTSENKDGTKRTNEHKTSSEEDEEQHEKHQKERQEKCKEQGRETKTTTEKEEE
5,0,5,2.1011869181081533,0.6963735222816467,0.5142713785171509,9.690179228782654,9.72578239440918,EEEEERERNEKECEEDKGKSPEEQQESHTKRCQETTDKREGGTRRTTRTTKDESGNERTTEGRTESEEDEEETREQCKQTQEQCQKQGRKTTCTTETEEE
6,0,6,2.027235566249422,0.6168938875198364,0.4835362732410431,12.1043241918087,8.992136001586914,EEEEEDEEDEKRCEESKDKPEEERNKERHERTEETGKKREGGTTKTTTTSETESGTKRTTTHKTESEEDQKKHEKRCKKCKEECEKQGTKCTTKTEKEES
7,0,7,2.040762917344342,0.5338757038116455,0.3667111396789551,16.04935646057129,11.796672821044922,DKEKEKEEGEKKCEESKDKPEEERTEETSKHHEKRQKKKEGGKTKTKTTPENEKGTKRTNEGKTKSEEDKKETEEHCKKCQEECEKQGHKQTHKTETEKS
